minute,type,ID,VMT,origin_walk,dest_walk,total_walk
0,Ride,5.5,82394.4,3722.4,2117.2799999999997,5839.679999999999
